date,temperature C,humidity %,condition
2020-1-1,1.642512077294686,99.54347826086956,Fog
2020-1-2,6.9664902998236435,95.15873015873017,Mostly Cloudy
2020-1-3,6.7607771706132445,89.17486338797814,Cloudy
2020-1-4,6.2818287037037095,82.61458333333333,Cloudy
2020-1-5,7.113526570048307,83.56521739130434,Mostly Cloudy
2020-1-6,3.69976359338061,88.36170212765957,Fair
2020-1-7,7.488425925925928,97.52083333333333,Mostly Cloudy
2020-1-8,11.152263374485578,88.95767195767196,Cloudy
2020-1-9,11.446759259259267,90.73958333333333,Cloudy
2020-1-10,9.17102966841187,86.10471204188482,Cloudy
2020-1-11,5.115740740740747,80.95833333333333,Fair
2020-1-12,9.123263888888884,75.59375,Fair
2020-1-13,6.149323927101702,90.08465608465609,Cloudy
2020-1-14,10.444444444444438,69.6,Mostly Cloudy
2020-1-15,10.106382978723408,77.12765957446808,Fair
2020-1-16,8.993055555555555,78.015625,Fair
2020-1-17,9.09722222222222,76.75,Fair
2020-1-18,4.905437352245866,83.74468085106383,Fair
2020-1-19,4.1607565011820276,81.31914893617021,Fair
2020-1-20,3.1481481481481493,84.83333333333333,Fair
2020-1-21,1.9858156028368799,83.0,Fair
2020-1-22,0.3356481481481482,86.08333333333333,Fair
2020-1-23,6.620370370370387,83.58333333333333,Cloudy
2020-1-24,0.44917257683215084,90.44680851063829,Mist
2020-1-25,1.6312056737588647,95.57446808510639,Mist
2020-1-26,1.9357638888888893,96.89583333333333,Fog
2020-1-27,8.486997635933829,89.57446808510639,Light Rain
2020-1-28,6.851851851851847,74.72916666666667,Mostly Cloudy
2020-1-29,6.597222222222219,79.29166666666667,Mostly Cloudy
2020-1-30,9.065393518518528,80.06770833333333,Fair
2020-1-31,12.164351851851832,91.02083333333333,Mostly Cloudy
2020-2-1,12.135416666666663,87.390625,Mostly Cloudy
2020-2-2,13.061224489795917,92.77551020408163,Light Rain
2020-2-3,11.770833333333329,88.4375,Mostly Cloudy
2020-2-4,7.760047281323882,75.77659574468085,Mostly Cloudy
2020-2-5,7.115839243498818,74.0,Mostly Cloudy
2020-2-6,5.283687943262407,70.87234042553192,Fair
2020-2-7,3.31018518518519,85.05208333333333,Fair
2020-2-8,6.9883040935672565,84.22105263157894,Fair
2020-2-9,10.265700483091786,84.65217391304348,Mostly Cloudy / Windy
2020-2-10,10.43309438470729,71.23118279569893,Mostly Cloudy / Windy
2020-2-11,9.06249999999999,67.80729166666667,Fair
2020-2-12,6.064814814814823,75.52083333333333,Fair
2020-2-13,8.853615520282187,77.04232804232804,Mostly Cloudy
2020-2-14,9.21985815602838,78.06382978723404,Mostly Cloudy
2020-2-15,9.716312056737584,78.68085106382979,Fair
2020-2-16,13.995271867612297,69.23404255319149,Mostly Cloudy / Windy
2020-2-17,10.42824074074074,78.05729166666667,Cloudy
2020-2-18,7.188208616780055,76.79591836734694,Fair
2020-2-19,7.234042553191503,84.85106382978724,Mostly Cloudy
2020-2-20,10.049189814814817,70.44270833333333,Fair
2020-2-21,6.04018912529551,77.55319148936171,Fair
2020-2-22,9.836257309941518,78.61052631578947,Fair
2020-2-23,11.255787037037036,84.04166666666667,Mostly Cloudy
2020-2-24,11.328502415458917,86.3695652173913,Mostly Cloudy
2020-2-25,8.903133903133908,78.65641025641025,Mostly Cloudy
2020-2-26,5.212765957446814,77.56382978723404,Mostly Cloudy
2020-2-27,7.233796296296304,71.3125,Fair
2020-2-28,7.248677248677238,73.4973544973545,Fair
2020-2-29,9.823775388291514,77.6774193548387,Mostly Cloudy
2020-3-1,7.827748383303932,84.77777777777777,Fair
2020-3-2,6.469907407407404,87.22916666666667,Light Rain
2020-3-3,4.7916666666666705,81.3125,Fair
2020-3-4,6.906496660595029,78.21311475409836,Fair
2020-3-5,9.004629629629635,91.85416666666667,Light Rain
2020-3-6,7.013888888888885,75.20833333333333,Mostly Cloudy
2020-3-7,7.553191489361705,74.31914893617021,Fair
2020-3-8,8.747044917257698,86.36170212765957,Mostly Cloudy
2020-3-9,7.955082742316783,77.85106382978724,Fair
2020-3-10,11.481481481481483,89.5625,Mostly Cloudy
2020-3-11,14.113475177304972,78.04255319148936,Mostly Cloudy
2020-3-12,10.902777777777763,70.375,Fair
2020-3-13,7.800925925925925,65.95833333333333,Fair
2020-3-14,8.802469135802461,80.53333333333333,Mostly Cloudy
2020-3-15,11.281599059376845,74.22222222222223,Fair
2020-3-16,9.351851851851853,82.66666666666667,Mostly Cloudy
2020-3-17,12.010435850214858,74.52486187845304,Mostly Cloudy
2020-3-18,13.188405797101456,76.1304347826087,Fair
2020-3-19,13.687943262411356,70.63829787234043,Fair
2020-3-20,12.372134038800702,75.60317460317461,Fair
2020-3-21,7.546296296296308,78.41666666666667,Cloudy
2020-3-22,7.847222222222218,58.875,Cloudy
2020-3-23,7.1180555555555545,52.666666666666664,Fair
2020-3-24,6.666666666666667,39.166666666666664,Fair
2020-3-25,7.702546296296287,53.296875,Fair
2020-3-26,6.736111111111112,40.166666666666664,Fair
2020-3-27,7.858796296296311,53.6875,Fair
2020-3-28,9.907407407407407,66.4375,Fair
2020-3-29,6.099033816425121,70.1086956521739,Cloudy
2020-3-30,4.756944444444444,43.395833333333336,Fair
2020-3-31,6.7737268518518485,65.890625,Fair
2020-4-1,7.5,47.708333333333336,Fair
2020-4-2,7.025462962962966,60.458333333333336,Fair
2020-4-3,10.150462962962957,70.14583333333333,Cloudy
2020-4-4,11.342592592592583,60.270833333333336,Fair
2020-4-5,14.236111111111116,47.083333333333336,Fair
2020-4-6,12.99768518518519,72.921875,Fair
2020-4-7,15.332754629629633,72.58854166666667,Fair
2020-4-8,16.63194444444443,53.979166666666664,Fair
2020-4-9,16.070601851851848,55.177083333333336,Fair
2020-4-10,18.194444444444436,47.708333333333336,Fair
2020-4-11,18.36805555555556,52.0,Fair
2020-4-12,18.07870370370372,49.4375,Fair
2020-4-13,13.993055555555552,58.541666666666664,Fair
2020-4-14,8.472222222222227,51.1875,Fair
2020-4-15,11.805555555555555,45.645833333333336,Fair
2020-4-16,14.762731481481481,53.583333333333336,Fair
2020-4-17,17.523148148148138,57.932291666666664,Fair
2020-4-18,18.13657407407407,64.27083333333333,Fair
2020-4-19,15.636574074074078,72.64583333333333,Fair
2020-4-20,16.07638888888889,60.833333333333336,Fair
2020-4-21,15.92303240740741,40.578125,Fair
2020-4-22,16.94444444444444,45.958333333333336,Fair
2020-4-23,18.4837962962963,46.229166666666664,Fair
2020-4-24,18.11342592592593,55.479166666666664,Fair
2020-4-25,16.226851851851844,49.25,Fair
2020-4-26,14.641203703703717,49.75,Fair
2020-4-27,16.11111111111112,60.333333333333336,Fair
2020-4-28,16.16319444444442,66.91145833333333,Fair
2020-4-29,12.662037037037022,80.52083333333333,Light Rain
2020-4-30,12.572337962962969,79.94270833333333,Mostly Cloudy
2020-5-1,12.135416666666673,76.20833333333333,Mostly Cloudy
2020-5-2,11.626157407407407,73.03125,Fair
2020-5-3,13.726851851851842,77.45833333333333,Fair
2020-5-4,15.150462962962962,79.52083333333333,Mostly Cloudy
2020-5-5,12.601273148148143,69.17708333333333,Cloudy
2020-5-6,16.385995370370374,60.786458333333336,Fair
2020-5-7,16.203703703703702,52.526041666666664,Fair
2020-5-8,17.546296296296287,53.875,Fair
2020-5-9,18.107638888888896,78.59895833333333,Fair
2020-5-10,15.749421296296298,89.46875,Fair
2020-5-11,13.229166666666671,75.70833333333333,Cloudy / Windy
2020-5-12,11.611689814814817,58.833333333333336,Fair
2020-5-13,11.168981481481476,53.75,Fair
2020-5-14,12.40451388888888,61.265625,Fair
2020-5-15,13.90046296296296,56.770833333333336,Fair
2020-5-16,14.221643518518512,55.119791666666664,Fair
2020-5-17,15.523726851851848,53.822916666666664,Fair
2020-5-18,16.029504080351533,57.56497175141243,Fair
2020-5-19,18.64293981481481,52.192708333333336,Fair
2020-5-20,20.787037037037038,59.458333333333336,Fair
2020-5-21,22.662037037037035,59.1875,Fair
2020-5-22,20.833333333333325,66.0625,Fair
2020-5-23,16.319444444444436,61.958333333333336,Fair
2020-5-24,15.497685185185185,63.1875,Fair
2020-5-25,18.40856481481481,60.265625,Fair
2020-5-26,19.849537037037027,51.6875,Fair
2020-5-27,20.610532407407412,53.260416666666664,Fair
2020-5-28,19.120370370370356,48.4375,Fair
2020-5-29,19.363425925925906,38.3125,Fair
2020-5-30,17.824074074074066,45.947916666666664,Fair
2020-5-31,17.70833333333334,44.828125,Fair
2020-6-1,20.462962962962973,45.270833333333336,Fair
2020-6-2,22.592592592592585,47.270833333333336,Fair
2020-6-3,21.469907407407405,54.270833333333336,Fair
2020-6-4,14.120370370370365,83.85416666666667,Mostly Cloudy
2020-6-5,13.553240740740746,75.77083333333333,Mostly Cloudy
2020-6-6,14.349881796690317,64.08510638297872,Fair
2020-6-7,14.178240740740735,65.47916666666667,Fair
2020-6-8,14.97685185185185,70.0625,Fair
2020-6-9,14.898726851851848,74.86979166666667,Fair
2020-6-10,15.682870370370372,75.40625,Cloudy
2020-6-11,13.683449074074074,90.44270833333333,Light Rain
2020-6-12,16.423611111111104,82.02083333333333,Mostly Cloudy
2020-6-13,18.472222222222236,72.3125,Fair
2020-6-14,17.670717592592585,77.58854166666667,Fair
2020-6-15,17.19907407407408,77.97916666666667,Mostly Cloudy
2020-6-16,17.256944444444454,77.20833333333333,Fair
2020-6-17,18.020833333333318,71.421875,Fair
2020-6-18,17.146990740740744,75.15104166666667,Fair
2020-6-19,15.781249999999993,81.33333333333333,Fair
2020-6-20,19.53703703703705,63.583333333333336,Fair
2020-6-21,17.766203703703713,76.77083333333333,Fair
2020-6-22,17.97453703703703,68.35416666666667,Fair
2020-6-23,22.552083333333314,56.020833333333336,Fair
2020-6-24,25.214120370370395,48.0625,Fair
2020-6-25,27.07175925925925,45.541666666666664,Fair
2020-6-26,25.30092592592594,61.875,Fair
2020-6-27,20.613425925925924,74.52083333333333,Mostly Cloudy
2020-6-28,19.016203703703717,63.125,Fair
2020-6-29,20.71759259259261,56.364583333333336,Fair
2020-6-30,19.18981481481484,63.520833333333336,Cloudy
2020-7-1,20.659722222222214,74.29166666666667,Cloudy
2020-7-2,18.668981481481485,63.520833333333336,Mostly Cloudy
2020-7-3,19.30629041740153,62.232804232804234,Fair
2020-7-4,19.98538011695908,64.18947368421053,Fair
2020-7-5,21.765232974910397,71.38709677419355,Mostly Cloudy
2020-7-6,17.430555555555564,56.895833333333336,Fair
2020-7-7,24.60358796296295,40.802083333333336,Fair
2020-7-8,20.607911576497962,58.30890052356021,Fair
2020-7-9,21.61988304093567,70.01052631578948,Fair
2020-7-10,22.03414351851852,73.32291666666667,Fair
2020-7-11,18.321513002364064,51.42553191489362,Fair
2020-7-12,21.199294532627874,53.77248677248677,Fair
2020-7-13,21.855791962174933,42.51063829787234,Fair
2020-7-14,19.81087470449173,55.06382978723404,Fair
2020-7-15,20.69733796296296,60.536458333333336,Mostly Cloudy
2020-7-16,19.814814814814845,67.04371584699453,Mostly Cloudy
2020-7-17,22.01911589008365,59.97849462365591,Fair
2020-7-18,23.124632569077008,59.96296296296296,Fair
2020-7-19,18.592204770215243,77.0,Fair
2020-7-20,21.168981481481488,58.5,Fair
2020-7-21,20.405092592592602,44.583333333333336,Fair
2020-7-22,20.333333333333336,45.06666666666667,Fair
2020-7-23,22.529550827423154,40.0,Fair
2020-7-24,21.192553810354845,59.30890052356021,Fair
2020-7-25,21.678240740740762,60.916666666666664,Fair
2020-7-26,21.006944444444446,63.604166666666664,Fair
2020-7-27,23.83219954648527,47.857142857142854,Fair
2020-7-28,21.449275362318833,54.82608695652174,Fair
2020-7-29,20.4018912529551,49.765957446808514,Fair
2020-7-30,24.652777777777796,39.854166666666664,Fair
2020-7-31,27.138310185185173,43.963541666666664,Fair
2020-8-1,24.25925925925928,61.9375,Fair
2020-8-2,22.818287037037013,54.546875,Fair
2020-8-3,18.547453703703713,71.63020833333333,Fair
2020-8-4,18.49247685185186,64.79166666666667,Fair
2020-8-5,22.70833333333333,41.6875,Fair
2020-8-6,25.990338164251206,38.17391304347826,Fair
2020-8-7,28.78472222222224,36.333333333333336,Fair
2020-8-8,28.40856481481484,44.229166666666664,Fair
2020-8-9,30.9469696969697,39.61363636363637,Fair
2020-8-10,28.483796296296273,47.916666666666664,Fair
2020-8-11,26.722222222222197,60.22631578947368,Fair
2020-8-12,26.237373737373698,65.47727272727273,Fair
2020-8-13,22.886473429951707,76.84782608695652,Mostly Cloudy
2020-8-14,21.47754137115839,81.61702127659575,Mostly Cloudy
2020-8-15,22.638888888888875,71.41666666666667,Mostly Cloudy
2020-8-16,22.151300236406623,70.65957446808511,Fair
2020-8-17,18.397660818713447,80.66315789473684,Mostly Cloudy
2020-8-18,21.50462962962963,63.5625,Fair
2020-8-19,21.489361702127667,74.17021276595744,Mostly Cloudy
2020-8-20,23.13450292397661,69.91578947368421,Fair
2020-8-21,24.66435185185185,57.145833333333336,Fair
2020-8-22,20.616319444444436,64.609375,Fair
2020-8-23,19.293981481481488,62.770833333333336,Fair
2020-8-24,17.777777777777768,64.57446808510639,Fair
2020-8-25,18.697824808935938,67.85714285714286,Fair
2020-8-26,19.685990338164252,61.71739130434783,Fair
2020-8-27,19.189814814814813,67.85416666666667,Fair
2020-8-28,17.670250896057357,75.96774193548387,Fair
2020-8-29,15.036231884057974,80.0,Mostly Cloudy
2020-8-30,15.590643274853806,78.76842105263158,Mostly Cloudy
2020-9-1,17.15856481481482,62.270833333333336,Fair
2020-9-2,17.0138888888889,56.833333333333336,Fair
2020-9-3,18.923611111111118,63.223958333333336,Fair
2020-9-4,19.039351851851865,83.30208333333333,Fair
2020-9-5,18.037825059101653,63.659574468085104,Fair
2020-9-6,15.034722222222236,66.25,Fair
2020-9-7,16.98581560283689,62.191489361702125,Fair
2020-9-8,18.668430335097007,70.33862433862434,Fair
2020-9-9,22.529550827423154,62.744680851063826,Fair
2020-9-10,21.42857142857144,73.17989417989418,Fair
2020-9-11,22.15277777777779,66.875,Fair
2020-9-12,20.06869772998805,64.33333333333333,Fair
2020-9-13,19.5138888888889,58.708333333333336,Fair
2020-9-14,22.486772486772463,53.682539682539684,Fair
2020-9-15,25.034722222222197,46.354166666666664,Fair
2020-9-16,24.300411522633762,59.98941798941799,Fair
2020-9-17,21.85474537037037,59.958333333333336,Fair
2020-9-18,19.5695171611402,59.717277486910994,Fair
2020-9-19,23.35748792270533,63.08695652173913,Fair
2020-9-20,21.666666666666657,72.97872340425532,Fair
2020-9-21,20.33096926713949,47.212765957446805,Fair
2020-9-22,18.913043478260878,57.47826086956522,Fair
2020-9-23,18.82128159905938,80.72486772486772,Mostly Cloudy
2020-9-24,13.645833333333336,83.0625,Fair
2020-9-25,13.0613425925926,68.09895833333333,Fair
2020-9-26,11.316425120772951,67.73913043478261,Fair
2020-9-27,12.861689814814811,78.30729166666667,Light Rain
2020-9-28,14.118165784832447,79.15873015873017,Fair
2020-9-29,15.081018518518519,91.8125,Mostly Cloudy
2020-9-30,14.563078703703697,88.9375,Cloudy
2020-9-31,14.224537037037038,82.125,Mostly Cloudy
2020-10-1,14.641203703703704,83.0625,Fair
2020-10-2,11.967592592592588,87.47916666666667,Light Rain
2020-10-3,11.728395061728396,88.35555555555555,Mostly Cloudy
2020-10-4,11.228070175438605,83.14736842105263,Mostly Cloudy
2020-10-5,14.044205495818423,75.75268817204301,Fair
2020-10-6,14.28240740740741,77.97916666666667,Mostly Cloudy
2020-10-7,13.767361111111098,82.75520833333333,Cloudy
2020-10-8,16.041666666666657,79.20833333333333,Mostly Cloudy
2020-10-9,14.657210401891241,82.25531914893617,Mostly Cloudy
2020-10-10,11.529959278650376,79.15706806282722,Fair
2020-10-11,12.25115740740741,69.68229166666667,Fair
2020-10-12,8.498263888888886,87.390625,Mostly Cloudy
2020-10-13,11.521990740740746,77.68229166666667,Fair
2020-10-14,11.184597295708413,76.08994708994709,Mostly Cloudy
2020-10-15,10.928865373309822,71.01058201058201,Mostly Cloudy
2020-10-16,11.378600823045273,69.15343915343915,Mostly Cloudy
2020-10-17,9.975845410628015,79.3695652173913,Mostly Cloudy
2020-10-18,8.806146572104023,81.74468085106383,Fair
2020-10-19,9.085648148148145,79.27083333333333,Fair
2020-10-20,12.303240740740726,88.20833333333333,Light Rain
2020-10-21,17.278071722516188,75.9047619047619,Fair
2020-10-22,16.2904174015285,81.5978835978836,Mostly Cloudy
2020-10-23,16.42380085003035,84.20765027322405,Mostly Cloudy
2020-10-24,13.692129629629632,87.5,Mostly Cloudy
2020-10-25,11.966666666666667,89.4,Mostly Cloudy
2020-10-26,10.189125295508278,81.85106382978724,Mostly Cloudy
2020-10-27,9.975845410628027,93.1304347826087,Light Rain
2020-10-28,13.194444444444443,77.43085106382979,Mostly Cloudy
2020-10-29,12.696759259259245,86.45833333333333,Mostly Cloudy
2020-10-30,14.143518518518503,86.54166666666667,Mostly Cloudy
2020-11-1,16.086419753086414,88.11111111111111,Mostly Cloudy
2020-11-2,16.40046296296298,82.125,Mostly Cloudy
2020-11-3,8.86574074074073,79.47916666666667,Fair
2020-11-4,7.015503875968992,80.25581395348837,Fair
2020-11-5,9.519675925925917,78.43229166666667,Fair
2020-11-6,7.800925925925928,80.1875,Fair
2020-11-7,11.217494089834512,87.36170212765957,Fair
2020-11-8,12.951388888888886,86.875,Fair
2020-11-9,13.188405797101456,86.26086956521739,Fair
2020-11-10,13.405671296296289,90.68229166666667,Mostly Cloudy
2020-11-11,10.740740740740726,96.375,Mostly Cloudy
2020-11-12,11.170212765957437,80.85106382978724,Fair
2020-11-13,11.867612293144207,86.29787234042553,Mostly Cloudy
2020-11-14,13.5933806146572,77.14893617021276,Fair
2020-11-15,13.106060606060616,78.36363636363636,Fair
2020-11-16,11.182033096926698,78.38297872340425,Mostly Cloudy
2020-11-17,10.969267139479905,83.65957446808511,Cloudy
2020-11-18,10.98668981481481,83.27604166666667,Fair
2020-11-19,8.99594907407407,78.07291666666667,Fair
2020-11-20,6.539351851851856,85.0,Fair
2020-11-21,6.307870370370374,81.16666666666667,Fair
2020-11-22,7.546296296296311,81.49479166666667,Mostly Cloudy
2020-11-23,8.81944444444446,91.45833333333333,Mostly Cloudy
2020-11-24,4.060500290866783,94.41884816753927,Fog
2020-11-25,7.210144927536236,84.15217391304348,Fair
2020-11-26,5.957446808510636,89.57446808510639,Fair
2020-11-27,7.50289351851853,92.94791666666667,Mist
2020-11-28,8.721340388007054,81.74074074074075,Fair
2020-11-29,5.981481481481491,81.74444444444444,Fair
2020-11-30,4.884259259259253,83.77604166666667,Cloudy
2020-11-31,8.261648745519713,79.80645161290323,Mostly Cloudy
2020-12-1,7.929568913175463,76.80327868852459,Mostly Cloudy
2020-12-2,7.21014492753622,84.67391304347827,Mostly Cloudy
2020-12-3,6.276595744680839,93.74468085106383,Light Rain
2020-12-4,7.835648148148153,81.66666666666667,Fair
2020-12-5,4.613526570048307,83.8695652173913,Mostly Cloudy
2020-12-6,4.515366430260053,84.63829787234043,Mostly Cloudy
2020-12-7,2.6620370370370363,94.72916666666667,Mostly Cloudy
2020-12-8,4.37275985663081,85.82795698924731,Fair
2020-12-9,1.1956521739130437,97.26086956521739,Mist
2020-12-10,4.97685185185185,86.72916666666667,Mostly Cloudy
2020-12-11,8.688888888888892,94.9,Mostly Cloudy
2020-12-12,8.831018518518535,85.23958333333333,Mostly Cloudy
2020-12-13,5.370370370370374,94.85416666666667,Light Drizzle
2020-12-14,10.212765957446804,90.34042553191489,Mostly Cloudy
2020-12-15,9.75694444444444,93.29166666666667,Fair
2020-12-16,7.529550827423165,94.34042553191489,Fog
2020-12-17,9.007092198581562,91.82978723404256,Fair
2020-12-18,7.6950354609928935,91.53191489361703,Fair
2020-12-19,8.900966183574873,90.34782608695652,Mostly Cloudy
2020-12-20,7.413194444444444,93.86979166666667,Light Rain
2020-12-21,10.336976320582908,93.49180327868852,Fair
2020-12-22,13.443287037037022,92.58333333333333,Cloudy
2020-12-23,12.249103942652333,90.24193548387096,Mostly Cloudy
2020-12-24,7.627314814814821,78.15104166666667,Mostly Cloudy
2020-12-25,5.0376157407407485,78.8125,Mostly Cloudy
2020-12-26,3.897707231040567,76.84656084656085,Fair
2020-12-27,5.55555555555555,90.28260869565217,Light Rain / Windy
2020-12-28,3.5748792270531458,91.3695652173913,Mostly Cloudy
2020-12-29,3.495370370370375,94.47916666666667,Mostly Cloudy
2020-12-30,4.255319148936173,89.34042553191489,Mostly Cloudy
